"pandas"	210808
"numpy"	126927
"os"	86752
"matplotlib.pyplot"	65215
"PIL"	56804
"requests"	54606
"pickle"	44240
"datetime"	41593
"plotly.express"	37816
"time"	34215
"seaborn"	31369
"io"	30450
"json"	28108
"dotenv"	22064
"openai"	20147
"sklearn.preprocessing"	20136
"re"	19804
"plotly.graph_objects"	19558
"base64"	18866
"joblib"	18618
"sklearn.model_selection"	17780
"sklearn.metrics"	16020
"random"	14914
"cv2"	14076
"tensorflow"	13421
"sklearn.ensemble"	12080
"altair"	11592
"streamlit_option_menu"	11578
"google.generativeai"	11002
"sklearn.linear_model"	10622
"snowflake.connector"	10475
"pathlib"	9977
"sys"	9063
"tempfile"	8953
"streamlit.components.v1"	8947
"nltk"	8851
"langchain.chains"	8762
"yfinance"	8687
"langchain.text_splitter"	8553
"urllib.error"	8395
"torch"	8288
"math"	8225
"PyPDF2"	8158
"warnings"	7929
"sklearn"	7697
"transformers"	7192
"tensorflow.keras.models"	6962
"langchain.prompts"	6521
"bs4"	6450
"utils"	6431
"sklearn.feature_extraction.text"	6424
"langchain.vectorstores"	6098
"collections"	5894
"folium"	5893
"matplotlib"	5825
"typing"	5696
"nltk.corpus"	5602
"sqlite3"	5467
"logging"	5377
"streamlit_folium"	5330
"langchain.chat_models"	4860
"langchain.llms"	4374
"string"	4365
"langchain_openai"	4313
"keras.models"	4228
"langchain.memory"	4089
"snowflake.snowpark.functions"	4033
"functions"	4012
"plotly.subplots"	4010
"sklearn.metrics.pairwise"	4005
"sklearn.neighbors"	3979
"sklearn.tree"	3842
"langchain_community.vectorstores"	3792
"streamlit_lottie"	3752
"subprocess"	3748
"langchain_core.prompts"	3725
"sklearn.svm"	3701
"langchain.embeddings"	3555
"zipfile"	3549
"flask"	3484
"wordcloud"	3444
"langchain_google_genai"	3243
"xgboost"	3241
"sklearn.cluster"	3230
"langchain_community.document_loaders"	3137
"scipy.stats"	3108
"csv"	3069
"streamlit_chat"	2972
"langchain_groq"	2950
"nltk.tokenize"	2929
"docx"	2924
"uuid"	2909
"langchain.chains.question_answering"	2824
"plotly.graph_objs"	2765
"langchain"	2742
"langchain.document_loaders"	2722
"geopandas"	2690
"openpyxl"	2665
"gtts"	2566
